INSERT INTO ENDERECO(ID_ENDERECO, UUID) VALUES(1, 'ffbdeb66-62d9-11ee-8c99-0242ac120002');
INSERT INTO ENDERECO(ID_ENDERECO, UUID) VALUES(2, '61e80286-2468-4922-892b-caced9b54a84');
INSERT INTO ENDERECO(ID_ENDERECO, UUID) VALUES(3, 'bb2a853b-c987-4a3d-a35e-5ca7a7206c4f');
INSERT INTO ENDERECO(ID_ENDERECO, UUID) VALUES(4, '17ecabb2-750d-4dec-b3ab-93ae740d0e38');
INSERT INTO PESSOA(ID_PESSOA, UUID, NOME, ID_ENDERECO_FK,UUID_ENDERECO_FK) VALUES (1, '0bb553b4-62da-11ee-8c99-0242ac120002', 'Gabriel Souza', 1, 'ffbdeb66-62d9-11ee-8c99-0242ac120002');
INSERT INTO PESSOA(ID_PESSOA, UUID, NOME, ID_ENDERECO_FK,UUID_ENDERECO_FK) VALUES (2, 'f7ca0370-13e9-4a1c-b4df-c7132d110ebd', 'Marcos Sampaio', 2, '61e80286-2468-4922-892b-caced9b54a84');
INSERT INTO PESSOA(ID_PESSOA, UUID, NOME, ID_ENDERECO_FK,UUID_ENDERECO_FK) VALUES (3, '64497a06-6d5a-419e-89df-f518d5f2ebf4', 'Matheus Saleh', 3, 'bb2a853b-c987-4a3d-a35e-5ca7a7206c4f');
INSERT INTO PESSOA(ID_PESSOA, UUID, NOME, ID_ENDERECO_FK,UUID_ENDERECO_FK) VALUES (4, '9e970df2-6516-4d61-ba74-2e6acce8ed12', 'Vitor Hugo', 4, '17ecabb2-750d-4dec-b3ab-93ae740d0e38');
INSERT INTO CURSO(ID_CURSO, UUID, ID_PESSOA_FK, UUID_PESSOA_FK, DESCRICAO) VALUES(1, '730a09be-fa27-4bff-967f-5f31792b9d33', 1, '0bb553b4-62da-11ee-8c99-0242ac120002', 'Curso de Angular');
INSERT INTO CURSO(ID_CURSO, UUID, ID_PESSOA_FK, UUID_PESSOA_FK, DESCRICAO) VALUES(2, 'af084045-d3ac-468a-829b-72acfb11f362', 2, 'f7ca0370-13e9-4a1c-b4df-c7132d110ebd', 'Curso de Spring Boot');
INSERT INTO CURSO(ID_CURSO, UUID, ID_PESSOA_FK, UUID_PESSOA_FK, DESCRICAO) VALUES(3, 'd42605ce-ab73-4e1a-bae9-58138a93adb2', 3, '64497a06-6d5a-419e-89df-f518d5f2ebf4', 'Curso de JUnit');
INSERT INTO CURSO(ID_CURSO, UUID, ID_PESSOA_FK, UUID_PESSOA_FK, DESCRICAO) VALUES(4, '70510b65-0266-493a-af14-64066149a369', 4, '9e970df2-6516-4d61-ba74-2e6acce8ed12', 'Curso de Java');
INSERT INTO PEDIDO(ID_PEDIDO, DESCRICAO, UUID) VALUES(1, 'Pedido Teste', '1336b870-4e2a-4ac3-afb2-c431816b06ae');
INSERT INTO PEDIDO(ID_PEDIDO, DESCRICAO, UUID) VALUES(2, 'Pedido Teste2', '46c58217-e899-4188-a54e-1c1f0d5c03e6');
INSERT INTO PEDIDO(ID_PEDIDO, DESCRICAO, UUID) VALUES(3, 'Pedido Teste3', '14ed4d48-a42c-4b46-a34c-ddb911eb8454');
INSERT INTO PEDIDO(ID_PEDIDO, DESCRICAO, UUID) VALUES(4, 'Pedido Teste4', 'df8f39e4-5a5f-4f86-b3ac-fb2b3c3a1815');
INSERT INTO PRODUTO(ID_PRODUTO, UUID, DESCRICAO) VALUES(1, '34afc51b-e4f2-46c9-8337-534826db055d', 'Mouse Pad');
INSERT INTO PRODUTO(ID_PRODUTO, UUID, DESCRICAO) VALUES(2, 'ab520000-eeaf-424a-94a7-7306d507c7df', 'Teclado');
INSERT INTO PRODUTO(ID_PRODUTO, UUID, DESCRICAO) VALUES(3, '511bee04-cf47-4abf-8a7f-cbce66890ff1', 'Monitor');
INSERT INTO PRODUTO(ID_PRODUTO, UUID, DESCRICAO) VALUES(4, '1224304b-a283-4786-9274-a2832a4c0521', 'Placa de Vídeo');
INSERT INTO PESSOA_PEDIDO(UUID_PESSOA_FK, UUID_PEDIDO_FK) VALUES ('0bb55706-62da-11ee-8c99-0242ac120002', '1336b870-4e2a-4ac3-afb2-c431816b06ae');
INSERT INTO PESSOA_PEDIDO(UUID_PESSOA_FK, UUID_PEDIDO_FK) VALUES ('f7ca0370-13e9-4a1c-b4df-c7132d110ebd', 'df8f39e4-5a5f-4f86-b3ac-fb2b3c3a1815');
INSERT INTO PESSOA_PEDIDO(UUID_PESSOA_FK, UUID_PEDIDO_FK) VALUES ('9e970df2-6516-4d61-ba74-2e6acce8ed12', '14ed4d48-a42c-4b46-a34c-ddb911eb8454');
INSERT INTO PESSOA_PEDIDO(UUID_PESSOA_FK, UUID_PEDIDO_FK) VALUES ( '64497a06-6d5a-419e-89df-f518d5f2ebf4', '14ed4d48-a42c-4b46-a34c-ddb911eb8454');
INSERT INTO PESSOA_PRODUTO(ID_PESSOA_FK, ID_PRODUTO_FK) VALUES (1, 1);
INSERT INTO PESSOA_PRODUTO(ID_PESSOA_FK, ID_PRODUTO_FK) VALUES (2, 4);
INSERT INTO PESSOA_PRODUTO(ID_PESSOA_FK, ID_PRODUTO_FK) VALUES (3, 2);
INSERT INTO PESSOA_PRODUTO(ID_PESSOA_FK, ID_PRODUTO_FK) VALUES (4, 4);